{
	"name": "digitalId",
	"version": "1.0.0",
	"client": {
		"organization": "Org1",
		"connection": {
			"timeout": {
				"peer": {
					"endorser": "300"
				},
				"orderer": "300"
			}
		}
	},
	"channels": {
		"mychannel": {
			"orderers": [
				"orderer.cts.com"
			],
			"peers": {
				"peer0.university.cts.com": {},
				"peer0.consortium.cts.com": {},
				"peer0.assessment.cts.com": {}
			}
		}
	},
	"organizations": {
		"Org1": {
			"mspid": "Org1MSP",
			"peers": [
				"peer0.university.cts.com"
			],
			"certificateAuthorities": [
				"ca.university.cts.com"
			]
		},
		"Org2": {
			"mspid": "Org2MSP",
			"peers": [
				"peer0.consortium.cts.com"
			],
			"certificateAuthorities": [
				"ca.consortium.cts.com"
			]
		},
		"Org3": {
			"mspid": "Org3MSP",
			"peers": [
				"peer0.assessment.cts.com"
			],
			"certificateAuthorities": [
				"ca.assessment.cts.com"
			]
		}
	},
	"orderers": {
		"orderer.cts.com": {
			"url": "grpc://ec2-52-206-196-6.compute-1.amazonaws.com:7050"
		}
	},
	"peers": {
		"peer0.university.cts.com": {
			"url": "grpc://ec2-52-206-196-6.compute-1.amazonaws.com:7051"
		},
		"peer0.consortium.cts.com": {
			"url": "grpc://ec2-52-206-196-6.compute-1.amazonaws.com:8051"
		},
		"peer0.assessment.cts.com": {
			"url": "grpc://ec2-52-206-196-6.compute-1.amazonaws.com:9051"
		}
	},
	"certificateAuthorities": {
		"ca.university.cts.com": {
			"url": "http://ec2-52-206-196-6.compute-1.amazonaws.com:7054",
			"caName": "ca.university.cts.com"
		},
		"ca.consortium.cts.com": {
			"url": "http://ec2-52-206-196-6.compute-1.amazonaws.com:8054",
			"caName": "ca.consortium.cts.com"
		},
		"ca.assessment.cts.com": {
			"url": "http://ec2-52-206-196-6.compute-1.amazonaws.com:9054",
			"caName": "ca.assessment.cts.com"
		}
	}
}
