{
	"composer": {
		"wallet": {
			"type": "@ampretia/composer-wallet-cloudant",
			"options": {
				"username": "38ed4d00-f287-4768-958c-b4639f04351a-bluemix",
				"password": "0f2939d35dffc7b6702cf21e13df3deb64132a5e8f5900598124f13fafa4ae45",
				"host": "38ed4d00-f287-4768-958c-b4639f04351a-bluemix.cloudant.com",
				"port": 443,
				"url": "https://38ed4d00-f287-4768-958c-b4639f04351a-bluemix:0f2939d35dffc7b6702cf21e13df3deb64132a5e8f5900598124f13fafa4ae45@38ed4d00-f287-4768-958c-b4639f04351a-bluemix.cloudant.com",
				"database": "wallet"
			}
		}
	}
}
